{"templow":23.299999999999986,"temphi":23.999999999999993,"tempcur":0,"RelayHost":"192.168.0.192:3333","ListenOn":":80"}
